{"cameraMode":{"drawMode":0,"name":"Shaded","section":"Shading Mode"},"sceneLighting":false,"audioPlay":false,"sceneViewState":{"m_AlwaysRefresh":false,"showFog":true,"showSkybox":true,"showFlares":true,"showImageEffects":true,"showParticleSystems":true,"showVisualEffectGraphs":true,"m_FxEnabled":true},"in2DMode":false,"pivot":{"x":-78.86395263671875,"y":10.781999588012696,"z":146.51541137695313},"rotation":{"x":-0.0003145278024021536,"y":0.6904171705245972,"z":-0.00005912327105761506,"w":0.7234201431274414},"size":0.44128137826919558,"orthographic":false}